Data Source,World Development Indicators,,,,,,,,,,,,,,,,,,,,,,,,,,,,,,,,,,,,,,,,,,,,,,,,,,,,,,,,,,,,,,,,
,,,,,,,,,,,,,,,,,,,,,,,,,,,,,,,,,,,,,,,,,,,,,,,,,,,,,,,,,,,,,,,,,
Last Updated Date,9/16/22,,,,,,,,,,,,,,,,,,,,,,,,,,,,,,,,,,,,,,,,,,,,,,,,,,,,,,,,,,,,,,,,
,,,,,,,,,,,,,,,,,,,,,,,,,,,,,,,,,,,,,,,,,,,,,,,,,,,,,,,,,,,,,,,,,
Country Name,Country Code,Indicator Name,Indicator Code,1960,1961,1962,1963,1964,1965,1966,1967,1968,1969,1970,1971,1972,1973,1974,1975,1976,1977,1978,1979,1980,1981,1982,1983,1984,1985,1986,1987,1988,1989,1990,1991,1992,1993,1994,1995,1996,1997,1998,1999,2000,2001,2002,2003,2004,2005,2006,2007,2008,2009,2010,2011,2012,2013,2014,2015,2016,2017,2018,2019,2020,2021
Aruba,ABW,"Internally displaced persons, new displacement associated with disasters (number of cases)",VC.IDP.NWDS,,,,,,,,,,,,,,,,,,,,,,,,,,,,,,,,,,,,,,,,,,,,,,,,,,,,,,,,,,,,,,
Africa Eastern and Southern,AFE,"Internally displaced persons, new displacement associated with disasters (number of cases)",VC.IDP.NWDS,,,,,,,,,,,,,,,,,,,,,,,,,,,,,,,,,,,,,,,,,,,,,,,,,518600,,463750,495700,910420,1065200,580067,905597,864020,2186294,1809544,2746402,3465840,2322700
Afghanistan,AFG,"Internally displaced persons, new displacement associated with disasters (number of cases)",VC.IDP.NWDS,,,,,,,,,,,,,,,,,,,,,,,,,,,,,,,,,,,,,,,,,,,,,,,,,3400,28000,71000,3000,30000,15000,13000,71000,7400,27000,435000,117000,46000,25000
Africa Western and Central,AFW,"Internally displaced persons, new displacement associated with disasters (number of cases)",VC.IDP.NWDS,,,,,,,,,,,,,,,,,,,,,,,,,,,,,,,,,,,,,,,,,,,,,,,,,,683200,1228600,107400,5030300,530498,71990,202690,211450,373548,798652,649648,824052,232800
Angola,AGO,"Internally displaced persons, new displacement associated with disasters (number of cases)",VC.IDP.NWDS,,,,,,,,,,,,,,,,,,,,,,,,,,,,,,,,,,,,,,,,,,,,,,,,,,86000,79000,227000,6400,2500,,5600,19000,14000,11000,6700,15000,22000
Albania,ALB,"Internally displaced persons, new displacement associated with disasters (number of cases)",VC.IDP.NWDS,,,,,,,,,,,,,,,,,,,,,,,,,,,,,,,,,,,,,,,,,,,,,,,,,,150,,,,450,24,4200,3100,3500,110,33000,,250
Andorra,AND,"Internally displaced persons, new displacement associated with disasters (number of cases)",VC.IDP.NWDS,,,,,,,,,,,,,,,,,,,,,,,,,,,,,,,,,,,,,,,,,,,,,,,,,,,,,,,,,,,,,,
Arab World,ARB,"Internally displaced persons, new displacement associated with disasters (number of cases)",VC.IDP.NWDS,,,,,,,,,,,,,,,,,,,,,,,,,,,,,,,,,,,,,,,,,,,,,,,,,131600,,,,,,,202630,,,805177,885560,1771741,560630
United Arab Emirates,ARE,"Internally displaced persons, new displacement associated with disasters (number of cases)",VC.IDP.NWDS,,,,,,,,,,,,,,,,,,,,,,,,,,,,,,,,,,,,,,,,,,,,,,,,,,,,,,,,,,850,,220,610,40
Argentina,ARG,"Internally displaced persons, new displacement associated with disasters (number of cases)",VC.IDP.NWDS,,,,,,,,,,,,,,,,,,,,,,,,,,,,,,,,,,,,,,,,,,,,,,,,,640,,,,2000,6900,32000,36000,12000,27000,16000,23000,3700,710
Armenia,ARM,"Internally displaced persons, new displacement associated with disasters (number of cases)",VC.IDP.NWDS,,,,,,,,,,,,,,,,,,,,,,,,,,,,,,,,,,,,,,,,,,,,,,,,,,,,,,,,,,,,,,
American Samoa,ASM,"Internally displaced persons, new displacement associated with disasters (number of cases)",VC.IDP.NWDS,,,,,,,,,,,,,,,,,,,,,,,,,,,,,,,,,,,,,,,,,,,,,,,,,,,,,,,,,,,4600,,390,
Antigua and Barbuda,ATG,"Internally displaced persons, new displacement associated with disasters (number of cases)",VC.IDP.NWDS,,,,,,,,,,,,,,,,,,,,,,,,,,,,,,,,,,,,,,,,,,,,,,,,,45,,,,,,,,,1400,,,,
Australia,AUS,"Internally displaced persons, new displacement associated with disasters (number of cases)",VC.IDP.NWDS,,,,,,,,,,,,,,,,,,,,,,,,,,,,,,,,,,,,,,,,,,,,,,,,,1000,7500,1000,10000,16000,13000,1200,5700,3200,31000,11000,25000,51000,49000
Austria,AUT,"Internally displaced persons, new displacement associated with disasters (number of cases)",VC.IDP.NWDS,,,,,,,,,,,,,,,,,,,,,,,,,,,,,,,,,,,,,,,,,,,,,,,,,,,,,,1000,,,250,,,270,,56
Azerbaijan,AZE,"Internally displaced persons, new displacement associated with disasters (number of cases)",VC.IDP.NWDS,,,,,,,,,,,,,,,,,,,,,,,,,,,,,,,,,,,,,,,,,,,,,,,,,,200,32000,,36000,,,,,,390,140,,
Burundi,BDI,"Internally displaced persons, new displacement associated with disasters (number of cases)",VC.IDP.NWDS,,,,,,,,,,,,,,,,,,,,,,,,,,,,,,,,,,,,,,,,,,,,,,,,,2800,,1500,,,,13000,3100,6600,11000,35000,27000,51000,87000
Belgium,BEL,"Internally displaced persons, new displacement associated with disasters (number of cases)",VC.IDP.NWDS,,,,,,,,,,,,,,,,,,,,,,,,,,,,,,,,,,,,,,,,,,,,,,,,,,,,,,,,,,,50,10,,16000
Benin,BEN,"Internally displaced persons, new displacement associated with disasters (number of cases)",VC.IDP.NWDS,,,,,,,,,,,,,,,,,,,,,,,,,,,,,,,,,,,,,,,,,,,,,,,,,150000,40000,275000,,10000,15000,,,960,3500,23000,5000,7000,10000
Burkina Faso,BFA,"Internally displaced persons, new displacement associated with disasters (number of cases)",VC.IDP.NWDS,,,,,,,,,,,,,,,,,,,,,,,,,,,,,,,,,,,,,,,,,,,,,,,,,28000,150000,20000,,,1800,,3700,18000,8200,5100,,20000,
Bangladesh,BGD,"Internally displaced persons, new displacement associated with disasters (number of cases)",VC.IDP.NWDS,,,,,,,,,,,,,,,,,,,,,,,,,,,,,,,,,,,,,,,,,,,,,,,,,61000,1342000,569000,400000,651000,1160000,543000,531000,614000,946000,78000,4086000,4443000,99000
Bulgaria,BGR,"Internally displaced persons, new displacement associated with disasters (number of cases)",VC.IDP.NWDS,,,,,,,,,,,,,,,,,,,,,,,,,,,,,,,,,,,,,,,,,,,,,,,,,,,,,2100,,2300,820,24,22,50,,,25
Bahrain,BHR,"Internally displaced persons, new displacement associated with disasters (number of cases)",VC.IDP.NWDS,,,,,,,,,,,,,,,,,,,,,,,,,,,,,,,,,,,,,,,,,,,,,,,,,,,,,,,,,,,,,,
"Bahamas, The",BHS,"Internally displaced persons, new displacement associated with disasters (number of cases)",VC.IDP.NWDS,,,,,,,,,,,,,,,,,,,,,,,,,,,,,,,,,,,,,,,,,,,,,,,,,500,,,,,,,2800,3500,1600,230,9800,,
Bosnia and Herzegovina,BIH,"Internally displaced persons, new displacement associated with disasters (number of cases)",VC.IDP.NWDS,,,,,,,,,,,,,,,,,,,,,,,,,,,,,,,,,,,,,,,,,,,,,,,,,,,,,,,91000,320,,,,270,910,310
Belarus,BLR,"Internally displaced persons, new displacement associated with disasters (number of cases)",VC.IDP.NWDS,,,,,,,,,,,,,,,,,,,,,,,,,,,,,,,,,,,,,,,,,,,,,,,,,,,,,,,,,,,,,,
Belize,BLZ,"Internally displaced persons, new displacement associated with disasters (number of cases)",VC.IDP.NWDS,,,,,,,,,,,,,,,,,,,,,,,,,,,,,,,,,,,,,,,,,,,,,,,,,400,,,,,130,,250,3500,,,,6300,
Bermuda,BMU,"Internally displaced persons, new displacement associated with disasters (number of cases)",VC.IDP.NWDS,,,,,,,,,,,,,,,,,,,,,,,,,,,,,,,,,,,,,,,,,,,,,,,,,,,,,,,,,,,,,50,
Bolivia,BOL,"Internally displaced persons, new displacement associated with disasters (number of cases)",VC.IDP.NWDS,,,,,,,,,,,,,,,,,,,,,,,,,,,,,,,,,,,,,,,,,,,,,,,,,,630,100000,11000,9000,4700,190000,11000,7000,3100,2400,77000,13000,910
Brazil,BRA,"Internally displaced persons, new displacement associated with disasters (number of cases)",VC.IDP.NWDS,,,,,,,,,,,,,,,,,,,,,,,,,,,,,,,,,,,,,,,,,,,,,,,,,309000,523000,230000,170000,35000,82000,150000,59000,14000,71000,86000,295000,358000,449000
Barbados,BRB,"Internally displaced persons, new displacement associated with disasters (number of cases)",VC.IDP.NWDS,,,,,,,,,,,,,,,,,,,,,,,,,,,,,,,,,,,,,,,,,,,,,,,,,,,,,,,,,90,,,100,,380
Brunei Darussalam,BRN,"Internally displaced persons, new displacement associated with disasters (number of cases)",VC.IDP.NWDS,,,,,,,,,,,,,,,,,,,,,,,,,,,,,,,,,,,,,,,,,,,,,,,,,,,,,,,51,,,94,,,,
Bhutan,BTN,"Internally displaced persons, new displacement associated with disasters (number of cases)",VC.IDP.NWDS,,,,,,,,,,,,,,,,,,,,,,,,,,,,,,,,,,,,,,,,,,,,,,,,,,,,20000,,,,2900,690,,,,120,
Botswana,BWA,"Internally displaced persons, new displacement associated with disasters (number of cases)",VC.IDP.NWDS,,,,,,,,,,,,,,,,,,,,,,,,,,,,,,,,,,,,,,,,,,,,,,,,,,870,,,,1200,2000,250,,2000,1600,,780,
Central African Republic,CAF,"Internally displaced persons, new displacement associated with disasters (number of cases)",VC.IDP.NWDS,,,,,,,,,,,,,,,,,,,,,,,,,,,,,,,,,,,,,,,,,,,,,,,,,14000,15000,,,18000,14000,940,1100,7500,2900,9300,102000,15000,24000
Canada,CAN,"Internally displaced persons, new displacement associated with disasters (number of cases)",VC.IDP.NWDS,,,,,,,,,,,,,,,,,,,,,,,,,,,,,,,,,,,,,,,,,,,,,,,,,2000,,,,,120000,5800,13000,93000,85000,19000,41000,26000,60000
Central Europe and the Baltics,CEB,"Internally displaced persons, new displacement associated with disasters (number of cases)",VC.IDP.NWDS,,,,,,,,,,,,,,,,,,,,,,,,,,,,,,,,,,,,,,,,,,,,,,,,,,,,,,,,,,,,,42827,3355
Switzerland,CHE,"Internally displaced persons, new displacement associated with disasters (number of cases)",VC.IDP.NWDS,,,,,,,,,,,,,,,,,,,,,,,,,,,,,,,,,,,,,,,,,,,,,,,,,,,,,,13,,360,,160,18,10,13,140
Channel Islands,CHI,"Internally displaced persons, new displacement associated with disasters (number of cases)",VC.IDP.NWDS,,,,,,,,,,,,,,,,,,,,,,,,,,,,,,,,,,,,,,,,,,,,,,,,,,,,,,,,,,,,,,
Chile,CHL,"Internally displaced persons, new displacement associated with disasters (number of cases)",VC.IDP.NWDS,,,,,,,,,,,,,,,,,,,,,,,,,,,,,,,,,,,,,,,,,,,,,,,,,43000,700,2000000,4000,7300,3600,985000,1047000,16000,8300,2500,3900,3400,2500
China,CHN,"Internally displaced persons, new displacement associated with disasters (number of cases)",VC.IDP.NWDS,,,,,,,,,,,,,,,,,,,,,,,,,,,,,,,,,,,,,,,,,,,,,,,,,18660000,4031000,15920000,4490000,5731000,5924000,3612000,3602000,7434000,4473000,3762000,4034000,5074000,6037000
Cote d'Ivoire,CIV,"Internally displaced persons, new displacement associated with disasters (number of cases)",VC.IDP.NWDS,,,,,,,,,,,,,,,,,,,,,,,,,,,,,,,,,,,,,,,,,,,,,,,,,,10000,,,,78,4500,,,,3200,720,1900,
Cameroon,CMR,"Internally displaced persons, new displacement associated with disasters (number of cases)",VC.IDP.NWDS,,,,,,,,,,,,,,,,,,,,,,,,,,,,,,,,,,,,,,,,,,,,,,,,,1000,,3000,,30000,10000,3500,11000,,,,24000,116000,1800
"Congo, Dem. Rep.",COD,"Internally displaced persons, new displacement associated with disasters (number of cases)",VC.IDP.NWDS,,,,,,,,,,,,,,,,,,,,,,,,,,,,,,,,,,,,,,,,,,,,,,,,,5100,130,98000,12000,23000,3800,24000,106000,130000,27000,81000,233000,279000,888000
"Congo, Rep.",COG,"Internally displaced persons, new displacement associated with disasters (number of cases)",VC.IDP.NWDS,,,,,,,,,,,,,,,,,,,,,,,,,,,,,,,,,,,,,,,,,,,,,,,,,,,,,,,,,,,,166000,,6700
Colombia,COL,"Internally displaced persons, new displacement associated with disasters (number of cases)",VC.IDP.NWDS,,,,,,,,,,,,,,,,,,,,,,,,,,,,,,,,,,,,,,,,,,,,,,,,,63000,9100,3000000,149000,71000,11000,20000,4600,31000,25000,67000,35000,64000,32000
Comoros,COM,"Internally displaced persons, new displacement associated with disasters (number of cases)",VC.IDP.NWDS,,,,,,,,,,,,,,,,,,,,,,,,,,,,,,,,,,,,,,,,,,,,,,,,,,,,,11000,,12000,,,94,,19000,,
Cabo Verde,CPV,"Internally displaced persons, new displacement associated with disasters (number of cases)",VC.IDP.NWDS,,,,,,,,,,,,,,,,,,,,,,,,,,,,,,,,,,,,,,,,,,,,,,,,,,,,,,,2500,190,300,,,,750,
Costa Rica,CRI,"Internally displaced persons, new displacement associated with disasters (number of cases)",VC.IDP.NWDS,,,,,,,,,,,,,,,,,,,,,,,,,,,,,,,,,,,,,,,,,,,,,,,,,12000,2400,,2100,2000,65,,1100,5800,11000,5800,390,4200,290
Caribbean small states,CSS,"Internally displaced persons, new displacement associated with disasters (number of cases)",VC.IDP.NWDS,,,,,,,,,,,,,,,,,,,,,,,,,,,,,,,,,,,,,,,,,,,,,,,,,,,,,,,,,,44632,1644,,,
Cuba,CUB,"Internally displaced persons, new displacement associated with disasters (number of cases)",VC.IDP.NWDS,,,,,,,,,,,,,,,,,,,,,,,,,,,,,,,,,,,,,,,,,,,,,,,,,2730000,,,,352000,,,2000,1079000,1738000,52000,9900,639000,194000
Curacao,CUW,"Internally displaced persons, new displacement associated with disasters (number of cases)",VC.IDP.NWDS,,,,,,,,,,,,,,,,,,,,,,,,,,,,,,,,,,,,,,,,,,,,,,,,,,,,,,,,,,,,,,
Cayman Islands,CYM,"Internally displaced persons, new displacement associated with disasters (number of cases)",VC.IDP.NWDS,,,,,,,,,,,,,,,,,,,,,,,,,,,,,,,,,,,,,,,,,,,,,,,,,720,,,,,,,,,,,,,41
Cyprus,CYP,"Internally displaced persons, new displacement associated with disasters (number of cases)",VC.IDP.NWDS,,,,,,,,,,,,,,,,,,,,,,,,,,,,,,,,,,,,,,,,,,,,,,,,,,,,,,,,,40,,8,,,59
Czech Republic,CZE,"Internally displaced persons, new displacement associated with disasters (number of cases)",VC.IDP.NWDS,,,,,,,,,,,,,,,,,,,,,,,,,,,,,,,,,,,,,,,,,,,,,,,,,,,,,,26000,,,,,12,,43,2800
Germany,DEU,"Internally displaced persons, new displacement associated with disasters (number of cases)",VC.IDP.NWDS,,,,,,,,,,,,,,,,,,,,,,,,,,,,,,,,,,,,,,,,,,,,,,,,,,,,,,53000,,,2000,220,510,680,2,17000
Djibouti,DJI,"Internally displaced persons, new displacement associated with disasters (number of cases)",VC.IDP.NWDS,,,,,,,,,,,,,,,,,,,,,,,,,,,,,,,,,,,,,,,,,,,,,,,,,,,,,,,,,,,9400,10000,11,
Dominica,DMA,"Internally displaced persons, new displacement associated with disasters (number of cases)",VC.IDP.NWDS,,,,,,,,,,,,,,,,,,,,,,,,,,,,,,,,,,,,,,,,,,,,,,,,,,,,96,,18,,710,,35000,350,,,
Denmark,DNK,"Internally displaced persons, new displacement associated with disasters (number of cases)",VC.IDP.NWDS,,,,,,,,,,,,,,,,,,,,,,,,,,,,,,,,,,,,,,,,,,,,,,,,,,,,,,,,,,,,,,
Dominican Republic,DOM,"Internally displaced persons, new displacement associated with disasters (number of cases)",VC.IDP.NWDS,,,,,,,,,,,,,,,,,,,,,,,,,,,,,,,,,,,,,,,,,,,,,,,,,8900,,,17000,43000,14000,11000,28000,52000,69000,27000,4900,31000,10000
Algeria,DZA,"Internally displaced persons, new displacement associated with disasters (number of cases)",VC.IDP.NWDS,,,,,,,,,,,,,,,,,,,,,,,,,,,,,,,,,,,,,,,,,,,,,,,,,25000,2500,,,,340,4500,19000,2000,,19,3200,9600,6600
East Asia & Pacific (excluding high income),EAP,"Internally displaced persons, new displacement associated with disasters (number of cases)",VC.IDP.NWDS,,,,,,,,,,,,,,,,,,,,,,,,,,,,,,,,,,,,,,,,,,,,,,,,,24276685,7349800,19029900,9197800,10152350,14934332,10965826,7785530,15506033,8514540,9129230,9290644,11785365,13609710
Early-demographic dividend,EAR,"Internally displaced persons, new displacement associated with disasters (number of cases)",VC.IDP.NWDS,,,,,,,,,,,,,,,,,,,,,,,,,,,,,,,,,,,,,,,,,,,,,,,,,12860680,10387790,17575500,6168500,16228900,12017422,12308988,12602782,11860701,7365044,8610747,15747337,17359253,12622870
East Asia & Pacific,EAS,"Internally displaced persons, new displacement associated with disasters (number of cases)",VC.IDP.NWDS,,,,,,,,,,,,,,,,,,,,,,,,,,,,,,,,,,,,,,,,,,,,,,,,,24278485,7382300,19119650,10107600,10482800,15612742,11683477,8304670,16427753,8602204,9330868,9602104,12052783,13696947
Europe & Central Asia (excluding high income),ECA,"Internally displaced persons, new displacement associated with disasters (number of cases)",VC.IDP.NWDS,,,,,,,,,,,,,,,,,,,,,,,,,,,,,,,,,,,,,,,,,,,,,,,,,,,68100,,,,,50540,10942,,15786,,148700,93914
Europe & Central Asia,ECS,"Internally displaced persons, new displacement associated with disasters (number of cases)",VC.IDP.NWDS,,,,,,,,,,,,,,,,,,,,,,,,,,,,,,,,,,,,,,,,,,,,,,,,,,,,,,149733,,,56782,,38719,101505,234913,276314
Ecuador,ECU,"Internally displaced persons, new displacement associated with disasters (number of cases)",VC.IDP.NWDS,,,,,,,,,,,,,,,,,,,,,,,,,,,,,,,,,,,,,,,,,,,,,,,,,14000,,500,,4800,7500,570,1900,289000,3000,4200,1100,1200,5700
"Egypt, Arab Rep.",EGY,"Internally displaced persons, new displacement associated with disasters (number of cases)",VC.IDP.NWDS,,,,,,,,,,,,,,,,,,,,,,,,,,,,,,,,,,,,,,,,,,,,,,,,,20000,,,,,,200,100,820,,8,,8400,1100
Euro area,EMU,"Internally displaced persons, new displacement associated with disasters (number of cases)",VC.IDP.NWDS,,,,,,,,,,,,,,,,,,,,,,,,,,,,,,,,,,,,,,,,,,,,,,,,,,,,,,67090,,,42880,33082,21103,37190,36943,177420
Eritrea,ERI,"Internally displaced persons, new displacement associated with disasters (number of cases)",VC.IDP.NWDS,,,,,,,,,,,,,,,,,,,,,,,,,,,,,,,,,,,,,,,,,,,,,,,,,,,,,,100,,,,,,,,
Spain,ESP,"Internally displaced persons, new displacement associated with disasters (number of cases)",VC.IDP.NWDS,,,,,,,,,,,,,,,,,,,,,,,,,,,,,,,,,,,,,,,,,,,,,,,,,,,,15000,22000,2600,3800,4100,5400,2100,640,23000,7800,14000
Estonia,EST,"Internally displaced persons, new displacement associated with disasters (number of cases)",VC.IDP.NWDS,,,,,,,,,,,,,,,,,,,,,,,,,,,,,,,,,,,,,,,,,,,,,,,,,,,,,,,,,,,,,,
Ethiopia,ETH,"Internally displaced persons, new displacement associated with disasters (number of cases)",VC.IDP.NWDS,,,,,,,,,,,,,,,,,,,,,,,,,,,,,,,,,,,,,,,,,,,,,,,,,73000,,10000,,20000,61000,49000,104000,347000,434000,296000,504000,664000,240000
European Union,EUU,"Internally displaced persons, new displacement associated with disasters (number of cases)",VC.IDP.NWDS,,,,,,,,,,,,,,,,,,,,,,,,,,,,,,,,,,,,,,,,,,,,,,,,,,,,,,94390,,,44404,33430,22635,37825,79710,180775
Fragile and conflict affected situations,FCS,"Internally displaced persons, new displacement associated with disasters (number of cases)",VC.IDP.NWDS,,,,,,,,,,,,,,,,,,,,,,,,,,,,,,,,,,,,,,,,,,,,,,,,,2863750,,2991900,,5775200,1488146,679140,2376520,1592490,2412364,2756700,3506663,4106210,2977955
Finland,FIN,"Internally displaced persons, new displacement associated with disasters (number of cases)",VC.IDP.NWDS,,,,,,,,,,,,,,,,,,,,,,,,,,,,,,,,,,,,,,,,,,,,,,,,,20,,,,,30,,,,,51,,,
Fiji,FJI,"Internally displaced persons, new displacement associated with disasters (number of cases)",VC.IDP.NWDS,,,,,,,,,,,,,,,,,,,,,,,,,,,,,,,,,,,,,,,,,,,,,,,,,,13000,18000,,27000,,800,,76000,370,12000,5000,37000,14000
France,FRA,"Internally displaced persons, new displacement associated with disasters (number of cases)",VC.IDP.NWDS,,,,,,,,,,,,,,,,,,,,,,,,,,,,,,,,,,,,,,,,,,,,,,,,,870,,4500,,,6700,4100,120,190,21000,6300,6200,10000,9100
Faroe Islands,FRO,"Internally displaced persons, new displacement associated with disasters (number of cases)",VC.IDP.NWDS,,,,,,,,,,,,,,,,,,,,,,,,,,,,,,,,,,,,,,,,,,,,,,,,,,,,,,,,,,,,,,
"Micronesia, Fed. Sts.",FSM,"Internally displaced persons, new displacement associated with disasters (number of cases)",VC.IDP.NWDS,,,,,,,,,,,,,,,,,,,,,,,,,,,,,,,,,,,,,,,,,,,,,,,,,,,,,,,,6800,,,,,,
Gabon,GAB,"Internally displaced persons, new displacement associated with disasters (number of cases)",VC.IDP.NWDS,,,,,,,,,,,,,,,,,,,,,,,,,,,,,,,,,,,,,,,,,,,,,,,,,,800,,,1600,1800,,,,8,,,2,
United Kingdom,GBR,"Internally displaced persons, new displacement associated with disasters (number of cases)",VC.IDP.NWDS,,,,,,,,,,,,,,,,,,,,,,,,,,,,,,,,,,,,,,,,,,,,,,,,,,,,,300,20000,620,6100,1200,6200,160,12000,4900,510
Georgia,GEO,"Internally displaced persons, new displacement associated with disasters (number of cases)",VC.IDP.NWDS,,,,,,,,,,,,,,,,,,,,,,,,,,,,,,,,,,,,,,,,,,,,,,,,,,,,,,1500,120,1200,,,310,,160,85
Ghana,GHA,"Internally displaced persons, new displacement associated with disasters (number of cases)",VC.IDP.NWDS,,,,,,,,,,,,,,,,,,,,,,,,,,,,,,,,,,,,,,,,,,,,,,,,,14000,52000,,49000,,31000,,9300,7900,23000,61000,16000,2000,12000
Gibraltar,GIB,"Internally displaced persons, new displacement associated with disasters (number of cases)",VC.IDP.NWDS,,,,,,,,,,,,,,,,,,,,,,,,,,,,,,,,,,,,,,,,,,,,,,,,,,,,,,,,,,,,,,
Guinea,GIN,"Internally displaced persons, new displacement associated with disasters (number of cases)",VC.IDP.NWDS,,,,,,,,,,,,,,,,,,,,,,,,,,,,,,,,,,,,,,,,,,,,,,,,,,,,4500,,300,,34000,490,710,3900,18,2400,2600
"Gambia, The",GMB,"Internally displaced persons, new displacement associated with disasters (number of cases)",VC.IDP.NWDS,,,,,,,,,,,,,,,,,,,,,,,,,,,,,,,,,,,,,,,,,,,,,,,,,400,,25000,,7700,400,,,4600,880,,4000,17000,2400
Guinea-Bissau,GNB,"Internally displaced persons, new displacement associated with disasters (number of cases)",VC.IDP.NWDS,,,,,,,,,,,,,,,,,,,,,,,,,,,,,,,,,,,,,,,,,,,,,,,,,750,,2000,,,,,,,,3700,410,,
Equatorial Guinea,GNQ,"Internally displaced persons, new displacement associated with disasters (number of cases)",VC.IDP.NWDS,,,,,,,,,,,,,,,,,,,,,,,,,,,,,,,,,,,,,,,,,,,,,,,,,,,,,,,,,,,,,,
Greece,GRC,"Internally displaced persons, new displacement associated with disasters (number of cases)",VC.IDP.NWDS,,,,,,,,,,,,,,,,,,,,,,,,,,,,,,,,,,,,,,,,,,,,,,,,,,330,,,,60,8200,270,2900,800,9200,2800,13000,67000
Grenada,GRD,"Internally displaced persons, new displacement associated with disasters (number of cases)",VC.IDP.NWDS,,,,,,,,,,,,,,,,,,,,,,,,,,,,,,,,,,,,,,,,,,,,,,,,,,,,,,,,,,150,27,26,,
Greenland,GRL,"Internally displaced persons, new displacement associated with disasters (number of cases)",VC.IDP.NWDS,,,,,,,,,,,,,,,,,,,,,,,,,,,,,,,,,,,,,,,,,,,,,,,,,,,,,,,,,,78,170,,,
Guatemala,GTM,"Internally displaced persons, new displacement associated with disasters (number of cases)",VC.IDP.NWDS,,,,,,,,,,,,,,,,,,,,,,,,,,,,,,,,,,,,,,,,,,,,,,,,,18000,990,163000,29000,64000,80,10000,2900,1700,45000,27000,21000,339000,16000
Guam,GUM,"Internally displaced persons, new displacement associated with disasters (number of cases)",VC.IDP.NWDS,,,,,,,,,,,,,,,,,,,,,,,,,,,,,,,,,,,,,,,,,,,,,,,,,,,,,,,,,,,2400,450,,
Guyana,GUY,"Internally displaced persons, new displacement associated with disasters (number of cases)",VC.IDP.NWDS,,,,,,,,,,,,,,,,,,,,,,,,,,,,,,,,,,,,,,,,,,,,,,,,,,,,,,,,,,200,170,,,220
High income,HIC,"Internally displaced persons, new displacement associated with disasters (number of cases)",VC.IDP.NWDS,,,,,,,,,,,,,,,,,,,,,,,,,,,,,,,,,,,,,,,,,,,,,,,,,,,,,,1113492,1788868,1684380,2275600,2039343,1506941,1358023,2123524,917058
"Hong Kong SAR, China",HKG,"Internally displaced persons, new displacement associated with disasters (number of cases)",VC.IDP.NWDS,,,,,,,,,,,,,,,,,,,,,,,,,,,,,,,,,,,,,,,,,,,,,,,,,,,,,,,,,220,3300,1400,210,160,400
Honduras,HND,"Internally displaced persons, new displacement associated with disasters (number of cases)",VC.IDP.NWDS,,,,,,,,,,,,,,,,,,,,,,,,,,,,,,,,,,,,,,,,,,,,,,,,,70000,2300,8000,12000,,,2500,2000,890,,17000,390,937000,260
Heavily indebted poor countries (HIPC),HPC,"Internally displaced persons, new displacement associated with disasters (number of cases)",VC.IDP.NWDS,,,,,,,,,,,,,,,,,,,,,,,,,,,,,,,,,,,,,,,,,,,,,,,,,964450,,2790350,,1723320,1117058,748890,966625,1138740,2348634,2101943,3005818,4456300,2200390
Croatia,HRV,"Internally displaced persons, new displacement associated with disasters (number of cases)",VC.IDP.NWDS,,,,,,,,,,,,,,,,,,,,,,,,,,,,,,,,,,,,,,,,,,,,,,,,,,,,,,,18000,1000,,230,140,,42000,
Haiti,HTI,"Internally displaced persons, new displacement associated with disasters (number of cases)",VC.IDP.NWDS,,,,,,,,,,,,,,,,,,,,,,,,,,,,,,,,,,,,,,,,,,,,,,,,,139000,9900,1573000,500,86000,1100,6500,1500,180000,15000,8800,1200,13000,220000
Hungary,HUN,"Internally displaced persons, new displacement associated with disasters (number of cases)",VC.IDP.NWDS,,,,,,,,,,,,,,,,,,,,,,,,,,,,,,,,,,,,,,,,,,,,,,,,,,,,,,1300,290,,,96,,110,14,
IBRD only,IBD,"Internally displaced persons, new displacement associated with disasters (number of cases)",VC.IDP.NWDS,,,,,,,,,,,,,,,,,,,,,,,,,,,,,,,,,,,,,,,,,,,,,,,,,29761940,14049340,27122100,12680700,19545530,17381440,15975253,11402702,18225121,10671506,11887643,15100319,16575562,19196520
IDA & IBRD total,IBT,"Internally displaced persons, new displacement associated with disasters (number of cases)",VC.IDP.NWDS,,,,,,,,,,,,,,,,,,,,,,,,,,,,,,,,,,,,,,,,,,,,,,,,,33485175,16615270,42227450,14013796,28292650,20926808,18342229,18559707,20782203,15018939,15549413,23456749,27970098,22564030
IDA total,IDA,"Internally displaced persons, new displacement associated with disasters (number of cases)",VC.IDP.NWDS,,,,,,,,,,,,,,,,,,,,,,,,,,,,,,,,,,,,,,,,,,,,,,,,,3723235,2565930,15105350,1333096,8747120,3545368,2366976,7157005,2557082,4347433,3661770,8356430,11394536,3367510
IDA blend,IDB,"Internally displaced persons, new displacement associated with disasters (number of cases)",VC.IDP.NWDS,,,,,,,,,,,,,,,,,,,,,,,,,,,,,,,,,,,,,,,,,,,,,,,,,,330000,11695100,325396,5981000,762864,828500,1220010,209880,205740,1025577,609281,1672130,201400
Indonesia,IDN,"Internally displaced persons, new displacement associated with disasters (number of cases)",VC.IDP.NWDS,,,,,,,,,,,,,,,,,,,,,,,,,,,,,,,,,,,,,,,,,,,,,,,,,221000,854000,409000,7400,104000,427000,943000,204000,1246000,365000,853000,463000,705000,749000
IDA only,IDX,"Internally displaced persons, new displacement associated with disasters (number of cases)",VC.IDP.NWDS,,,,,,,,,,,,,,,,,,,,,,,,,,,,,,,,,,,,,,,,,,,,,,,,,3548235,2235930,3410250,1007700,2766120,2782504,1538476,5936995,2347202,4141693,2636193,7747149,9722406,3166110
Isle of Man,IMN,"Internally displaced persons, new displacement associated with disasters (number of cases)",VC.IDP.NWDS,,,,,,,,,,,,,,,,,,,,,,,,,,,,,,,,,,,,,,,,,,,,,,,,,,,,,,,,,,,,,,
India,IND,"Internally displaced persons, new displacement associated with disasters (number of cases)",VC.IDP.NWDS,,,,,,,,,,,,,,,,,,,,,,,,,,,,,,,,,,,,,,,,,,,,,,,,,6662000,5304000,1411000,1503000,9110000,2145000,3428000,3655000,2400000,1346000,2675000,5018000,3856000,4903000
Not classified,INX,"Internally displaced persons, new displacement associated with disasters (number of cases)",VC.IDP.NWDS,,,,,,,,,,,,,,,,,,,,,,,,,,,,,,,,,,,,,,,,,,,,,,,,,,,,,,,,,,,,,,
Ireland,IRL,"Internally displaced persons, new displacement associated with disasters (number of cases)",VC.IDP.NWDS,,,,,,,,,,,,,,,,,,,,,,,,,,,,,,,,,,,,,,,,,,,,,,,,,,,,,,,,1600,,62,,,51,25
"Iran, Islamic Rep.",IRN,"Internally displaced persons, new displacement associated with disasters (number of cases)",VC.IDP.NWDS,,,,,,,,,,,,,,,,,,,,,,,,,,,,,,,,,,,,,,,,,,,,,,,,,,,3500,,50000,4700,12000,5400,78,225000,74000,520000,52000,41000
Iraq,IRQ,"Internally displaced persons, new displacement associated with disasters (number of cases)",VC.IDP.NWDS,,,,,,,,,,,,,,,,,,,,,,,,,,,,,,,,,,,,,,,,,,,,,,,,,600,,,2000,,7900,,23000,,3900,65000,37000,1200,9400
Iceland,ISL,"Internally displaced persons, new displacement associated with disasters (number of cases)",VC.IDP.NWDS,,,,,,,,,,,,,,,,,,,,,,,,,,,,,,,,,,,,,,,,,,,,,,,,,,,,,,,,,,50,,,590,220
Israel,ISR,"Internally displaced persons, new displacement associated with disasters (number of cases)",VC.IDP.NWDS,,,,,,,,,,,,,,,,,,,,,,,,,,,,,,,,,,,,,,,,,,,,,,,,,,,,,,200,700,,75000,,80,1200,10000,3900
Italy,ITA,"Internally displaced persons, new displacement associated with disasters (number of cases)",VC.IDP.NWDS,,,,,,,,,,,,,,,,,,,,,,,,,,,,,,,,,,,,,,,,,,,,,,,,,,75000,,,17000,3700,1600,1300,31000,2100,3300,3400,2000,2600
Jamaica,JAM,"Internally displaced persons, new displacement associated with disasters (number of cases)",VC.IDP.NWDS,,,,,,,,,,,,,,,,,,,,,,,,,,,,,,,,,,,,,,,,,,,,,,,,,1500,,,,2000,,,,3500,29,7,,2,16
Jordan,JOR,"Internally displaced persons, new displacement associated with disasters (number of cases)",VC.IDP.NWDS,,,,,,,,,,,,,,,,,,,,,,,,,,,,,,,,,,,,,,,,,,,,,,,,,,,,,,420,,,,160,2000,46,140,
Japan,JPN,"Internally displaced persons, new displacement associated with disasters (number of cases)",VC.IDP.NWDS,,,,,,,,,,,,,,,,,,,,,,,,,,,,,,,,,,,,,,,,,,,,,,,,,800,,85000,892000,308000,639000,707000,486000,864000,21000,146000,265000,186000,14000
Kazakhstan,KAZ,"Internally displaced persons, new displacement associated with disasters (number of cases)",VC.IDP.NWDS,,,,,,,,,,,,,,,,,,,,,,,,,,,,,,,,,,,,,,,,,,,,,,,,,,,5000,9000,5100,330,,19000,1000,7100,400,,32000,140
Kenya,KEN,"Internally displaced persons, new displacement associated with disasters (number of cases)",VC.IDP.NWDS,,,,,,,,,,,,,,,,,,,,,,,,,,,,,,,,,,,,,,,,,,,,,,,,,10000,92000,54000,19000,98000,180000,1400,105000,40000,35000,336000,74000,335000,36000
Kyrgyz Republic,KGZ,"Internally displaced persons, new displacement associated with disasters (number of cases)",VC.IDP.NWDS,,,,,,,,,,,,,,,,,,,,,,,,,,,,,,,,,,,,,,,,,,,,,,,,,1100,,,,,,,5900,39,3300,4700,,,120
Cambodia,KHM,"Internally displaced persons, new displacement associated with disasters (number of cases)",VC.IDP.NWDS,,,,,,,,,,,,,,,,,,,,,,,,,,,,,,,,,,,,,,,,,,,,,,,,,,66000,32000,214000,,144000,151000,8900,8300,15000,37000,70000,66000,15000
Kiribati,KIR,"Internally displaced persons, new displacement associated with disasters (number of cases)",VC.IDP.NWDS,,,,,,,,,,,,,,,,,,,,,,,,,,,,,,,,,,,,,,,,,,,,,,,,,85,,,,,,,2500,,,,,,
St. Kitts and Nevis,KNA,"Internally displaced persons, new displacement associated with disasters (number of cases)",VC.IDP.NWDS,,,,,,,,,,,,,,,,,,,,,,,,,,,,,,,,,,,,,,,,,,,,,,,,,,,,,,,,,,33,,,,
"Korea, Rep.",KOR,"Internally displaced persons, new displacement associated with disasters (number of cases)",VC.IDP.NWDS,,,,,,,,,,,,,,,,,,,,,,,,,,,,,,,,,,,,,,,,,,,,,,,,,,,,5500,,4200,,,7500,4300,1100,5600,19000,2900
Kuwait,KWT,"Internally displaced persons, new displacement associated with disasters (number of cases)",VC.IDP.NWDS,,,,,,,,,,,,,,,,,,,,,,,,,,,,,,,,,,,,,,,,,,,,,,,,,,,,,,,,,,,,,,
Latin America & Caribbean (excluding high income),LAC,"Internally displaced persons, new displacement associated with disasters (number of cases)",VC.IDP.NWDS,,,,,,,,,,,,,,,,,,,,,,,,,,,,,,,,,,,,,,,,,,,,,,,,,3443595,984320,6061600,1010396,861300,347753,560542,424460,1730940,2564089,383954,551641,2767407,989156
Lao PDR,LAO,"Internally displaced persons, new displacement associated with disasters (number of cases)",VC.IDP.NWDS,,,,,,,,,,,,,,,,,,,,,,,,,,,,,,,,,,,,,,,,,,,,,,,,,,38000,,50000,,9900,790,12000,660,190,19000,103000,12000,5
Lebanon,LBN,"Internally displaced persons, new displacement associated with disasters (number of cases)",VC.IDP.NWDS,,,,,,,,,,,,,,,,,,,,,,,,,,,,,,,,,,,,,,,,,,,,,,,,,,,,,,,1300,110,,,,4300,,850
Liberia,LBR,"Internally displaced persons, new displacement associated with disasters (number of cases)",VC.IDP.NWDS,,,,,,,,,,,,,,,,,,,,,,,,,,,,,,,,,,,,,,,,,,,,,,,,,1000,,,,,,650,,10000,970,15000,600,3700,
Libya,LBY,"Internally displaced persons, new displacement associated with disasters (number of cases)",VC.IDP.NWDS,,,,,,,,,,,,,,,,,,,,,,,,,,,,,,,,,,,,,,,,,,,,,,,,,,,,,,3000,,,,,,4600,,1200
St. Lucia,LCA,"Internally displaced persons, new displacement associated with disasters (number of cases)",VC.IDP.NWDS,,,,,,,,,,,,,,,,,,,,,,,,,,,,,,,,,,,,,,,,,,,,,,,,,,,,,,1200,,,130,,,25,,
Latin America & Caribbean,LCN,"Internally displaced persons, new displacement associated with disasters (number of cases)",VC.IDP.NWDS,,,,,,,,,,,,,,,,,,,,,,,,,,,,,,,,,,,,,,,,,,,,,,,,,3492560,985020,8163600,1014396,873000,354082,1550762,1543360,1763910,2705482,420244,588289,2788310,1027437
Least developed countries: UN classification,LDC,"Internally displaced persons, new displacement associated with disasters (number of cases)",VC.IDP.NWDS,,,,,,,,,,,,,,,,,,,,,,,,,,,,,,,,,,,,,,,,,,,,,,,,,3443535,2252330,3418250,1163300,2757320,2753320,1489080,5840835,2334010,4088117,2502773,7712859,8456351,3111240
Low income,LIC,"Internally displaced persons, new displacement associated with disasters (number of cases)",VC.IDP.NWDS,,,,,,,,,,,,,,,,,,,,,,,,,,,,,,,,,,,,,,,,,,,,,,,,,591050,,786550,,2119320,1245420,595190,1031225,1015990,2355623,2070621,3022328,3768800,2573700
Liechtenstein,LIE,"Internally displaced persons, new displacement associated with disasters (number of cases)",VC.IDP.NWDS,,,,,,,,,,,,,,,,,,,,,,,,,,,,,,,,,,,,,,,,,,,,,,,,,,,,,,,,,,,,,,
Sri Lanka,LKA,"Internally displaced persons, new displacement associated with disasters (number of cases)",VC.IDP.NWDS,,,,,,,,,,,,,,,,,,,,,,,,,,,,,,,,,,,,,,,,,,,,,,,,,525000,363000,141000,685000,129000,324000,152000,66000,500000,135000,100000,87000,19000,121000
Lower middle income,LMC,"Internally displaced persons, new displacement associated with disasters (number of cases)",VC.IDP.NWDS,,,,,,,,,,,,,,,,,,,,,,,,,,,,,,,,,,,,,,,,,,,,,,,,,13477680,11074130,17947700,6389600,20116580,13361559,12352408,12335410,11755630,7207551,9316319,15699068,18008586,13080180
Low & middle income,LMY,"Internally displaced persons, new displacement associated with disasters (number of cases)",VC.IDP.NWDS,,,,,,,,,,,,,,,,,,,,,,,,,,,,,,,,,,,,,,,,,,,,,,,,,36156430,16614570,40123950,14034796,28866150,21012379,17332002,17460447,21937863,16735353,15638013,23446065,28562285,22724670
Lesotho,LSO,"Internally displaced persons, new displacement associated with disasters (number of cases)",VC.IDP.NWDS,,,,,,,,,,,,,,,,,,,,,,,,,,,,,,,,,,,,,,,,,,,,,,,,,,,5000,3400,,,2600,,,,1400,,,730
Late-demographic dividend,LTE,"Internally displaced persons, new displacement associated with disasters (number of cases)",VC.IDP.NWDS,,,,,,,,,,,,,,,,,,,,,,,,,,,,,,,,,,,,,,,,,,,,,,,,,19944300,5219550,22958500,7436600,6351180,7561720,5337102,4884440,8402308,5612099,4328313,4765296,6930444,7630829
Lithuania,LTU,"Internally displaced persons, new displacement associated with disasters (number of cases)",VC.IDP.NWDS,,,,,,,,,,,,,,,,,,,,,,,,,,,,,,,,,,,,,,,,,,,,,,,,,,,,,,,,,,,,,,
Luxembourg,LUX,"Internally displaced persons, new displacement associated with disasters (number of cases)",VC.IDP.NWDS,,,,,,,,,,,,,,,,,,,,,,,,,,,,,,,,,,,,,,,,,,,,,,,,,,,,,,,,,,,,190,2,560
Latvia,LVA,"Internally displaced persons, new displacement associated with disasters (number of cases)",VC.IDP.NWDS,,,,,,,,,,,,,,,,,,,,,,,,,,,,,,,,,,,,,,,,,,,,,,,,,,,,,,,,,,,24,,,
"Macao SAR, China",MAC,"Internally displaced persons, new displacement associated with disasters (number of cases)",VC.IDP.NWDS,,,,,,,,,,,,,,,,,,,,,,,,,,,,,,,,,,,,,,,,,,,,,,,,,,,,,,,,,,,5700,,2800,37
St. Martin (French part),MAF,"Internally displaced persons, new displacement associated with disasters (number of cases)",VC.IDP.NWDS,,,,,,,,,,,,,,,,,,,,,,,,,,,,,,,,,,,,,,,,,,,,,,,,,,,,,,,,,,11000,,,,
Morocco,MAR,"Internally displaced persons, new displacement associated with disasters (number of cases)",VC.IDP.NWDS,,,,,,,,,,,,,,,,,,,,,,,,,,,,,,,,,,,,,,,,,,,,,,,,,5000,,15000,,580,,1700,,,,,200,340,10
Monaco,MCO,"Internally displaced persons, new displacement associated with disasters (number of cases)",VC.IDP.NWDS,,,,,,,,,,,,,,,,,,,,,,,,,,,,,,,,,,,,,,,,,,,,,,,,,,,,,,,,,,,,,,
Moldova,MDA,"Internally displaced persons, new displacement associated with disasters (number of cases)",VC.IDP.NWDS,,,,,,,,,,,,,,,,,,,,,,,,,,,,,,,,,,,,,,,,,,,,,,,,,200,,,,,,,,,,,,,
Madagascar,MDG,"Internally displaced persons, new displacement associated with disasters (number of cases)",VC.IDP.NWDS,,,,,,,,,,,,,,,,,,,,,,,,,,,,,,,,,,,,,,,,,,,,,,,,,194000,8100,38000,26000,268000,20000,2800,87000,51000,248000,75000,5700,23000,4800
Maldives,MDV,"Internally displaced persons, new displacement associated with disasters (number of cases)",VC.IDP.NWDS,,,,,,,,,,,,,,,,,,,,,,,,,,,,,,,,,,,,,,,,,,,,,,,,,,,,,,,,,,76,20,300,,
Middle East & North Africa,MEA,"Internally displaced persons, new displacement associated with disasters (number of cases)",VC.IDP.NWDS,,,,,,,,,,,,,,,,,,,,,,,,,,,,,,,,,,,,,,,,,,,,,,,,,,,,,,,,140730,,,210807,630160,341141,235530
Mexico,MEX,"Internally displaced persons, new displacement associated with disasters (number of cases)",VC.IDP.NWDS,,,,,,,,,,,,,,,,,,,,,,,,,,,,,,,,,,,,,,,,,,,,,,,,,13000,375000,900000,547000,6500,158000,18000,91000,12000,195000,20000,16000,101000,19000
Marshall Islands,MHL,"Internally displaced persons, new displacement associated with disasters (number of cases)",VC.IDP.NWDS,,,,,,,,,,,,,,,,,,,,,,,,,,,,,,,,,,,,,,,,,,,,,,,,,600,,,,,,1200,,,,,200,,
Middle income,MIC,"Internally displaced persons, new displacement associated with disasters (number of cases)",VC.IDP.NWDS,,,,,,,,,,,,,,,,,,,,,,,,,,,,,,,,,,,,,,,,,,,,,,,,,35565380,16239640,39337400,13843996,26746830,19766959,16736812,16429222,20921873,14379730,13567392,20423737,24793485,20150970
North Macedonia,MKD,"Internally displaced persons, new displacement associated with disasters (number of cases)",VC.IDP.NWDS,,,,,,,,,,,,,,,,,,,,,,,,,,,,,,,,,,,,,,,,,,,,,,,,,,,,,,1600,,,,,50,,,80
Mali,MLI,"Internally displaced persons, new displacement associated with disasters (number of cases)",VC.IDP.NWDS,,,,,,,,,,,,,,,,,,,,,,,,,,,,,,,,,,,,,,,,,,,,,,,,,2500,,5800,18000,9000,24000,,400,8000,6800,19000,6600,7400,6000
Malta,MLT,"Internally displaced persons, new displacement associated with disasters (number of cases)",VC.IDP.NWDS,,,,,,,,,,,,,,,,,,,,,,,,,,,,,,,,,,,,,,,,,,,,,,,,,,,,,,,,,,,,,,
Myanmar,MMR,"Internally displaced persons, new displacement associated with disasters (number of cases)",VC.IDP.NWDS,,,,,,,,,,,,,,,,,,,,,,,,,,,,,,,,,,,,,,,,,,,,,,,,,2250000,2500,106000,13000,74000,223000,81000,1618000,509000,351000,298000,270000,50000,158000
Middle East & North Africa (excluding high income),MNA,"Internally displaced persons, new displacement associated with disasters (number of cases)",VC.IDP.NWDS,,,,,,,,,,,,,,,,,,,,,,,,,,,,,,,,,,,,,,,,,,,,,,,,,,,,,,,22200,140730,,,198727,627380,329801,226390
Montenegro,MNE,"Internally displaced persons, new displacement associated with disasters (number of cases)",VC.IDP.NWDS,,,,,,,,,,,,,,,,,,,,,,,,,,,,,,,,,,,,,,,,,,,,,,,,,,,1400,,800,,,,400,2,6,,,
Mongolia,MNG,"Internally displaced persons, new displacement associated with disasters (number of cases)",VC.IDP.NWDS,,,,,,,,,,,,,,,,,,,,,,,,,,,,,,,,,,,,,,,,,,,,,,,,,,22000,,,,,,810,,,5900,13,4200,6300
Northern Mariana Islands,MNP,"Internally displaced persons, new displacement associated with disasters (number of cases)",VC.IDP.NWDS,,,,,,,,,,,,,,,,,,,,,,,,,,,,,,,,,,,,,,,,,,,,,,,,,,,,,,,,,,,14000,870,,
Mozambique,MOZ,"Internally displaced persons, new displacement associated with disasters (number of cases)",VC.IDP.NWDS,,,,,,,,,,,,,,,,,,,,,,,,,,,,,,,,,,,,,,,,,,,,,,,,,143000,7300,130000,22000,10000,186000,21000,61000,7000,170000,31000,506000,25000,44000
Mauritania,MRT,"Internally displaced persons, new displacement associated with disasters (number of cases)",VC.IDP.NWDS,,,,,,,,,,,,,,,,,,,,,,,,,,,,,,,,,,,,,,,,,,,,,,,,,,,5000,,,4600,,,,2900,450,6600,1600,
Mauritius,MUS,"Internally displaced persons, new displacement associated with disasters (number of cases)",VC.IDP.NWDS,,,,,,,,,,,,,,,,,,,,,,,,,,,,,,,,,,,,,,,,,,,,,,,,,,,,,,,,1400,300,100,3600,1000,110,
Malawi,MWI,"Internally displaced persons, new displacement associated with disasters (number of cases)",VC.IDP.NWDS,,,,,,,,,,,,,,,,,,,,,,,,,,,,,,,,,,,,,,,,,,,,,,,,,,21000,,25000,6200,33000,600,343000,9500,84000,20000,117000,29000,600
Malaysia,MYS,"Internally displaced persons, new displacement associated with disasters (number of cases)",VC.IDP.NWDS,,,,,,,,,,,,,,,,,,,,,,,,,,,,,,,,,,,,,,,,,,,,,,,,,4000,,65000,24000,22000,43000,256000,21000,18000,82000,38000,63000,24000,129000
North America,NAC,"Internally displaced persons, new displacement associated with disasters (number of cases)",VC.IDP.NWDS,,,,,,,,,,,,,,,,,,,,,,,,,,,,,,,,,,,,,,,,,,,,,,,,,2022000,1300,,52000,901000,308000,39800,76000,1200000,1771000,1266000,957000,1740050,633000
Namibia,NAM,"Internally displaced persons, new displacement associated with disasters (number of cases)",VC.IDP.NWDS,,,,,,,,,,,,,,,,,,,,,,,,,,,,,,,,,,,,,,,,,,,,,,,,,,55000,11000,60000,400,18000,160,8,,3400,13,2,200,260
New Caledonia,NCL,"Internally displaced persons, new displacement associated with disasters (number of cases)",VC.IDP.NWDS,,,,,,,,,,,,,,,,,,,,,,,,,,,,,,,,,,,,,,,,,,,,,,,,,,,,,,,,,,570,48,,31,5500
Niger,NER,"Internally displaced persons, new displacement associated with disasters (number of cases)",VC.IDP.NWDS,,,,,,,,,,,,,,,,,,,,,,,,,,,,,,,,,,,,,,,,,,,,,,,,,4300,5600,205000,28000,540000,201000,47000,38000,46000,189000,40000,121000,276000,118000
Nigeria,NGA,"Internally displaced persons, new displacement associated with disasters (number of cases)",VC.IDP.NWDS,,,,,,,,,,,,,,,,,,,,,,,,,,,,,,,,,,,,,,,,,,,,,,,,,,140000,560000,6300,3894000,117000,3000,100000,78000,122000,613000,157000,279000,24000
Nicaragua,NIC,"Internally displaced persons, new displacement associated with disasters (number of cases)",VC.IDP.NWDS,,,,,,,,,,,,,,,,,,,,,,,,,,,,,,,,,,,,,,,,,,,,,,,,,19000,,61000,10000,,160,35000,1100,18000,20000,6900,580,232000,
Netherlands,NLD,"Internally displaced persons, new displacement associated with disasters (number of cases)",VC.IDP.NWDS,,,,,,,,,,,,,,,,,,,,,,,,,,,,,,,,,,,,,,,,,,,,,,,,,,,,,,,,,,,,,4000,51000
Norway,NOR,"Internally displaced persons, new displacement associated with disasters (number of cases)",VC.IDP.NWDS,,,,,,,,,,,,,,,,,,,,,,,,,,,,,,,,,,,,,,,,,,,,,,,,,,,,,,,680,220,260,220,,620,1000,780
Nepal,NPL,"Internally displaced persons, new displacement associated with disasters (number of cases)",VC.IDP.NWDS,,,,,,,,,,,,,,,,,,,,,,,,,,,,,,,,,,,,,,,,,,,,,,,,,250000,18000,,46000,600,12000,74000,2623000,31000,384000,12000,121000,48000,32000
Nauru,NRU,"Internally displaced persons, new displacement associated with disasters (number of cases)",VC.IDP.NWDS,,,,,,,,,,,,,,,,,,,,,,,,,,,,,,,,,,,,,,,,,,,,,,,,,,,,,,,,,,,,,,
New Zealand,NZL,"Internally displaced persons, new displacement associated with disasters (number of cases)",VC.IDP.NWDS,,,,,,,,,,,,,,,,,,,,,,,,,,,,,,,,,,,,,,,,,,,,,,,,,,,250,2300,450,210,,440,1800,6300,990,1300,4900,4400
OECD members,OED,"Internally displaced persons, new displacement associated with disasters (number of cases)",VC.IDP.NWDS,,,,,,,,,,,,,,,,,,,,,,,,,,,,,,,,,,,,,,,,,,,,,,,,,,,,,,1251678,1792470,1727520,2260800,2112708,1542525,1360925,2268423,1026921
Oman,OMN,"Internally displaced persons, new displacement associated with disasters (number of cases)",VC.IDP.NWDS,,,,,,,,,,,,,,,,,,,,,,,,,,,,,,,,,,,,,,,,,,,,,,,,,,,,,,350,,,,320,10000,1100,120,5200
Other small states,OSS,"Internally displaced persons, new displacement associated with disasters (number of cases)",VC.IDP.NWDS,,,,,,,,,,,,,,,,,,,,,,,,,,,,,,,,,,,,,,,,,,,,,,,,,,,,,,,,,,,,,,
Pakistan,PAK,"Internally displaced persons, new displacement associated with disasters (number of cases)",VC.IDP.NWDS,,,,,,,,,,,,,,,,,,,,,,,,,,,,,,,,,,,,,,,,,,,,,,,,,89000,84000,11060000,300000,1857000,407000,771000,1002000,13000,1800,2100,100000,829000,70000
Panama,PAN,"Internally displaced persons, new displacement associated with disasters (number of cases)",VC.IDP.NWDS,,,,,,,,,,,,,,,,,,,,,,,,,,,,,,,,,,,,,,,,,,,,,,,,,,,,,3400,1700,320,100,1100,300,,240,3700,2200
Peru,PER,"Internally displaced persons, new displacement associated with disasters (number of cases)",VC.IDP.NWDS,,,,,,,,,,,,,,,,,,,,,,,,,,,,,,,,,,,,,,,,,,,,,,,,,45000,46000,10000,2700,184000,28000,950,8400,17000,295000,8600,10000,8000,11000
Philippines,PHL,"Internally displaced persons, new displacement associated with disasters (number of cases)",VC.IDP.NWDS,,,,,,,,,,,,,,,,,,,,,,,,,,,,,,,,,,,,,,,,,,,,,,,,,2757000,2062000,1002000,2499000,3859000,7022000,5787000,2221000,5930000,2529000,3802000,4094000,4439000,5681000
Palau,PLW,"Internally displaced persons, new displacement associated with disasters (number of cases)",VC.IDP.NWDS,,,,,,,,,,,,,,,,,,,,,,,,,,,,,,,,,,,,,,,,,,,,,,,,,,,,,150,1500,,,,,,,,2500
Papua New Guinea,PNG,"Internally displaced persons, new displacement associated with disasters (number of cases)",VC.IDP.NWDS,,,,,,,,,,,,,,,,,,,,,,,,,,,,,,,,,,,,,,,,,,,,,,,,,75000,1000,,,75000,46,21000,,1600,1400,61000,31000,3900,7500
Poland,POL,"Internally displaced persons, new displacement associated with disasters (number of cases)",VC.IDP.NWDS,,,,,,,,,,,,,,,,,,,,,,,,,,,,,,,,,,,,,,,,,,,,,,,,,,,30000,,,,,,,,,18,420,120
Pre-demographic dividend,PRE,"Internally displaced persons, new displacement associated with disasters (number of cases)",VC.IDP.NWDS,,,,,,,,,,,,,,,,,,,,,,,,,,,,,,,,,,,,,,,,,,,,,,,,,,1017930,1725450,441800,5943520,1442798,584590,1084635,705360,2098234,2694273,2963348,3663600,2324900
Puerto Rico,PRI,"Internally displaced persons, new displacement associated with disasters (number of cases)",VC.IDP.NWDS,,,,,,,,,,,,,,,,,,,,,,,,,,,,,,,,,,,,,,,,,,,,,,,,,,,,,,,,,,86000,400,240,11000,
"Korea, Dem. People's Rep.",PRK,"Internally displaced persons, new displacement associated with disasters (number of cases)",VC.IDP.NWDS,,,,,,,,,,,,,,,,,,,,,,,,,,,,,,,,,,,,,,,,,,,,,,,,,,,28000,25000,232000,82000,,6000,107000,,69000,6400,5300,5000
Portugal,PRT,"Internally displaced persons, new displacement associated with disasters (number of cases)",VC.IDP.NWDS,,,,,,,,,,,,,,,,,,,,,,,,,,,,,,,,,,,,,,,,,,,,,,,,,38,,,,,,,10,1100,6800,410,640,28,20
Paraguay,PRY,"Internally displaced persons, new displacement associated with disasters (number of cases)",VC.IDP.NWDS,,,,,,,,,,,,,,,,,,,,,,,,,,,,,,,,,,,,,,,,,,,,,,,,,60,,,,,28000,84000,171000,3600,5200,30000,54000,5,
West Bank and Gaza,PSE,"Internally displaced persons, new displacement associated with disasters (number of cases)",VC.IDP.NWDS,,,,,,,,,,,,,,,,,,,,,,,,,,,,,,,,,,,,,,,,,,,,,,,,,,,500,,1200,11000,200,10000,510,77,,2,110,30
Pacific island small states,PSS,"Internally displaced persons, new displacement associated with disasters (number of cases)",VC.IDP.NWDS,,,,,,,,,,,,,,,,,,,,,,,,,,,,,,,,,,,,,,,,,,,,,,,,,,,,,36950,,16736,,80363,14950,32130,6231,120475,
Post-demographic dividend,PST,"Internally displaced persons, new displacement associated with disasters (number of cases)",VC.IDP.NWDS,,,,,,,,,,,,,,,,,,,,,,,,,,,,,,,,,,,,,,,,,,,,,,,,,,,,,,1079413,879590,584860,3200264,3616248,1505501,1314357,2730572,1082018
French Polynesia,PYF,"Internally displaced persons, new displacement associated with disasters (number of cases)",VC.IDP.NWDS,,,,,,,,,,,,,,,,,,,,,,,,,,,,,,,,,,,,,,,,,,,,,,,,,,,3500,,,,,,,1100,,30,27,
Qatar,QAT,"Internally displaced persons, new displacement associated with disasters (number of cases)",VC.IDP.NWDS,,,,,,,,,,,,,,,,,,,,,,,,,,,,,,,,,,,,,,,,,,,,,,,,,,,,,,,,,,,,,,
Romania,ROU,"Internally displaced persons, new displacement associated with disasters (number of cases)",VC.IDP.NWDS,,,,,,,,,,,,,,,,,,,,,,,,,,,,,,,,,,,,,,,,,,,,,,,,,11000,,,,,,2200,160,1500,,1200,460,290,410
Russian Federation,RUS,"Internally displaced persons, new displacement associated with disasters (number of cases)",VC.IDP.NWDS,,,,,,,,,,,,,,,,,,,,,,,,,,,,,,,,,,,,,,,,,,,,,,,,,,,23000,3500,32000,29000,23000,6600,3600,5900,3600,12000,250,5600
Rwanda,RWA,"Internally displaced persons, new displacement associated with disasters (number of cases)",VC.IDP.NWDS,,,,,,,,,,,,,,,,,,,,,,,,,,,,,,,,,,,,,,,,,,,,,,,,,5000,,5900,1900,3200,1000,,2000,9700,5000,47000,12000,6000,15000
South Asia,SAS,"Internally displaced persons, new displacement associated with disasters (number of cases)",VC.IDP.NWDS,,,,,,,,,,,,,,,,,,,,,,,,,,,,,,,,,,,,,,,,,,,,,,,,,7590400,7139000,13252000,2957000,11777600,4063000,4981000,7950900,3566090,2839876,3302120,9529300,9241120,5250000
Saudi Arabia,SAU,"Internally displaced persons, new displacement associated with disasters (number of cases)",VC.IDP.NWDS,,,,,,,,,,,,,,,,,,,,,,,,,,,,,,,,,,,,,,,,,,,,,,,,,,10000,,8200,,4700,,,280,100,2000,260,610,
Sudan,SDN,"Internally displaced persons, new displacement associated with disasters (number of cases)",VC.IDP.NWDS,,,,,,,,,,,,,,,,,,,,,,,,,,,,,,,,,,,,,,,,,,,,,,,,,47000,80000,20000,19000,84000,284000,187000,8300,123000,54000,121000,272000,454000,99000
Senegal,SEN,"Internally displaced persons, new displacement associated with disasters (number of cases)",VC.IDP.NWDS,,,,,,,,,,,,,,,,,,,,,,,,,,,,,,,,,,,,,,,,,,,,,,,,,,264000,7800,1600,20000,13000,,,24000,630,2,4400,3300,1300
Singapore,SGP,"Internally displaced persons, new displacement associated with disasters (number of cases)",VC.IDP.NWDS,,,,,,,,,,,,,,,,,,,,,,,,,,,,,,,,,,,,,,,,,,,,,,,,,,,,,,,,,,,,,,
Solomon Islands,SLB,"Internally displaced persons, new displacement associated with disasters (number of cases)",VC.IDP.NWDS,,,,,,,,,,,,,,,,,,,,,,,,,,,,,,,,,,,,,,,,,,,,,,,,,,,7900,,1000,3500,9000,1000,1300,580,1100,31,320,5
Sierra Leone,SLE,"Internally displaced persons, new displacement associated with disasters (number of cases)",VC.IDP.NWDS,,,,,,,,,,,,,,,,,,,,,,,,,,,,,,,,,,,,,,,,,,,,,,,,,,,,,,8400,,,,12000,,5300,,
El Salvador,SLV,"Internally displaced persons, new displacement associated with disasters (number of cases)",VC.IDP.NWDS,,,,,,,,,,,,,,,,,,,,,,,,,,,,,,,,,,,,,,,,,,,,,,,,,95,15000,16000,60000,,2300,22,2000,480,390,4700,1900,17000,550
San Marino,SMR,"Internally displaced persons, new displacement associated with disasters (number of cases)",VC.IDP.NWDS,,,,,,,,,,,,,,,,,,,,,,,,,,,,,,,,,,,,,,,,,,,,,,,,,,,,,,,,,,,,,,
Somalia,SOM,"Internally displaced persons, new displacement associated with disasters (number of cases)",VC.IDP.NWDS,,,,,,,,,,,,,,,,,,,,,,,,,,,,,,,,,,,,,,,,,,,,,,,,,12000,,5200,,28000,60000,36000,59000,70000,899000,547000,479000,1037000,271000
Serbia,SRB,"Internally displaced persons, new displacement associated with disasters (number of cases)",VC.IDP.NWDS,,,,,,,,,,,,,,,,,,,,,,,,,,,,,,,,,,,,,,,,,,,,,,,,,,,4500,,,190,33000,,39,42,130,300,880,34
Sub-Saharan Africa (excluding high income),SSA,"Internally displaced persons, new displacement associated with disasters (number of cases)",VC.IDP.NWDS,,,,,,,,,,,,,,,,,,,,,,,,,,,,,,,,,,,,,,,,,,,,,,,,,,1118600,1692350,603100,5940720,1594598,652050,1108287,1075450,2559842,2608196,3396050,4289892,2555500
South Sudan,SSD,"Internally displaced persons, new displacement associated with disasters (number of cases)",VC.IDP.NWDS,,,,,,,,,,,,,,,,,,,,,,,,,,,,,,,,,,,,,,,,,,,,,,,,,,,,,340000,116000,112000,15000,,75000,6600,294000,443000,506000
Sub-Saharan Africa,SSF,"Internally displaced persons, new displacement associated with disasters (number of cases)",VC.IDP.NWDS,,,,,,,,,,,,,,,,,,,,,,,,,,,,,,,,,,,,,,,,,,,,,,,,,,1118600,1692350,603100,5940720,1595698,652057,1108287,1075470,2559842,2608196,3396050,4289892,2555500
Small states,SST,"Internally displaced persons, new displacement associated with disasters (number of cases)",VC.IDP.NWDS,,,,,,,,,,,,,,,,,,,,,,,,,,,,,,,,,,,,,,,,,,,,,,,,,,,,,,,,,,,,,,
Sao Tome and Principe,STP,"Internally displaced persons, new displacement associated with disasters (number of cases)",VC.IDP.NWDS,,,,,,,,,,,,,,,,,,,,,,,,,,,,,,,,,,,,,,,,,,,,,,,,,,,,,,,,,,,,,,500
Suriname,SUR,"Internally displaced persons, new displacement associated with disasters (number of cases)",VC.IDP.NWDS,,,,,,,,,,,,,,,,,,,,,,,,,,,,,,,,,,,,,,,,,,,,,,,,,,,,,,300,,,,6000,,,,6500
Slovak Republic,SVK,"Internally displaced persons, new displacement associated with disasters (number of cases)",VC.IDP.NWDS,,,,,,,,,,,,,,,,,,,,,,,,,,,,,,,,,,,,,,,,,,,,,,,,,,,,,,,,,,,270,,60,
Slovenia,SVN,"Internally displaced persons, new displacement associated with disasters (number of cases)",VC.IDP.NWDS,,,,,,,,,,,,,,,,,,,,,,,,,,,,,,,,,,,,,,,,,,,,,,,,,,,,,,,,,,,340,,,
Sweden,SWE,"Internally displaced persons, new displacement associated with disasters (number of cases)",VC.IDP.NWDS,,,,,,,,,,,,,,,,,,,,,,,,,,,,,,,,,,,,,,,,,,,,,,,,,,,,,,,1000,100,,,130,47,,
Eswatini,SWZ,"Internally displaced persons, new displacement associated with disasters (number of cases)",VC.IDP.NWDS,,,,,,,,,,,,,,,,,,,,,,,,,,,,,,,,,,,,,,,,,,,,,,,,,,,,,,,,,,,110,,,110
Sint Maarten (Dutch part),SXM,"Internally displaced persons, new displacement associated with disasters (number of cases)",VC.IDP.NWDS,,,,,,,,,,,,,,,,,,,,,,,,,,,,,,,,,,,,,,,,,,,,,,,,,,,,,,,,,,13000,,,,
Seychelles,SYC,"Internally displaced persons, new displacement associated with disasters (number of cases)",VC.IDP.NWDS,,,,,,,,,,,,,,,,,,,,,,,,,,,,,,,,,,,,,,,,,,,,,,,,,,,,,,1100,7,,20,,,,,
Syrian Arab Republic,SYR,"Internally displaced persons, new displacement associated with disasters (number of cases)",VC.IDP.NWDS,,,,,,,,,,,,,,,,,,,,,,,,,,,,,,,,,,,,,,,,,,,,,,,,,,,,,,,2300,,,2300,27000,17000,25000,79000
Turks and Caicos Islands,TCA,"Internally displaced persons, new displacement associated with disasters (number of cases)",VC.IDP.NWDS,,,,,,,,,,,,,,,,,,,,,,,,,,,,,,,,,,,,,,,,,,,,,,,,,,,,,,,,,50,60,,,,
Chad,TCD,"Internally displaced persons, new displacement associated with disasters (number of cases)",VC.IDP.NWDS,,,,,,,,,,,,,,,,,,,,,,,,,,,,,,,,,,,,,,,,,,,,,,,,,10000,5800,70000,,500000,88000,9900,,5700,,2000,30000,71000,24000
East Asia & Pacific (IDA & IBRD countries),TEA,"Internally displaced persons, new displacement associated with disasters (number of cases)",VC.IDP.NWDS,,,,,,,,,,,,,,,,,,,,,,,,,,,,,,,,,,,,,,,,,,,,,,,,,24276685,7349800,19001900,9172800,9920350,14852332,10965826,7779530,15399033,8514540,9055630,9284244,11779675,13604710
Europe & Central Asia (IDA & IBRD countries),TEC,"Internally displaced persons, new displacement associated with disasters (number of cases)",VC.IDP.NWDS,,,,,,,,,,,,,,,,,,,,,,,,,,,,,,,,,,,,,,,,,,,,,,,,,,,98100,,,,,,12442,,17126,51528,191410,94444
Togo,TGO,"Internally displaced persons, new displacement associated with disasters (number of cases)",VC.IDP.NWDS,,,,,,,,,,,,,,,,,,,,,,,,,,,,,,,,,,,,,,,,,,,,,,,,,2000,,50000,,,120,,5000,,50,,,,
Thailand,THA,"Internally displaced persons, new displacement associated with disasters (number of cases)",VC.IDP.NWDS,,,,,,,,,,,,,,,,,,,,,,,,,,,,,,,,,,,,,,,,,,,,,,,,,203000,68000,1000000,1645000,3400,13000,27000,240,90000,50000,4600,61000,13000,9400
Tajikistan,TJK,"Internally displaced persons, new displacement associated with disasters (number of cases)",VC.IDP.NWDS,,,,,,,,,,,,,,,,,,,,,,,,,,,,,,,,,,,,,,,,,,,,,,,,,,,2000,,6400,660,460,11000,2400,4700,5400,4800,1500,1200
Turkmenistan,TKM,"Internally displaced persons, new displacement associated with disasters (number of cases)",VC.IDP.NWDS,,,,,,,,,,,,,,,,,,,,,,,,,,,,,,,,,,,,,,,,,,,,,,,,,,,,,,,,,,,,,,
Latin America & the Caribbean (IDA & IBRD countries),TLA,"Internally displaced persons, new displacement associated with disasters (number of cases)",VC.IDP.NWDS,,,,,,,,,,,,,,,,,,,,,,,,,,,,,,,,,,,,,,,,,,,,,,,,,761340,985020,8163600,1014396,521000,354082,1550762,1538560,681270,847522,367614,568249,2138310,833016
Timor-Leste,TLS,"Internally displaced persons, new displacement associated with disasters (number of cases)",VC.IDP.NWDS,,,,,,,,,,,,,,,,,,,,,,,,,,,,,,,,,,,,,,,,,,,,,,,,,,,,,,1300,2300,310,110,,,,1100,16000
Middle East & North Africa (IDA & IBRD countries),TMN,"Internally displaced persons, new displacement associated with disasters (number of cases)",VC.IDP.NWDS,,,,,,,,,,,,,,,,,,,,,,,,,,,,,,,,,,,,,,,,,,,,,,,,,,,,,,,22000,130730,,,198727,627378,329691,226360
Tonga,TON,"Internally displaced persons, new displacement associated with disasters (number of cases)",VC.IDP.NWDS,,,,,,,,,,,,,,,,,,,,,,,,,,,,,,,,,,,,,,,,,,,,,,,,,,,,,400,17,5300,,3000,,5700,,2700,
South Asia (IDA & IBRD),TSA,"Internally displaced persons, new displacement associated with disasters (number of cases)",VC.IDP.NWDS,,,,,,,,,,,,,,,,,,,,,,,,,,,,,,,,,,,,,,,,,,,,,,,,,7590400,7139000,13252000,2957000,11777600,4063000,4981000,7950900,3566090,2839876,3302120,9529300,9241120,5250000
Sub-Saharan Africa (IDA & IBRD countries),TSS,"Internally displaced persons, new displacement associated with disasters (number of cases)",VC.IDP.NWDS,,,,,,,,,,,,,,,,,,,,,,,,,,,,,,,,,,,,,,,,,,,,,,,,,,1118600,1692350,603100,5940720,1595698,652057,1108287,1075470,2559842,2608196,3396050,4289892,2555500
Trinidad and Tobago,TTO,"Internally displaced persons, new displacement associated with disasters (number of cases)",VC.IDP.NWDS,,,,,,,,,,,,,,,,,,,,,,,,,,,,,,,,,,,,,,,,,,,,,,,,,,,,,,29,,,,200,860,48,33,
Tunisia,TUN,"Internally displaced persons, new displacement associated with disasters (number of cases)",VC.IDP.NWDS,,,,,,,,,,,,,,,,,,,,,,,,,,,,,,,,,,,,,,,,,,,,,,,,,,,,,,6,,120,,990,3300,32,10000,3200
Turkiye,TUR,"Internally displaced persons, new displacement associated with disasters (number of cases)",VC.IDP.NWDS,,,,,,,,,,,,,,,,,,,,,,,,,,,,,,,,,,,,,,,,,,,,,,,,,300,20000,200,252000,,,480,1500,200,,640,540,41000,84000
Tuvalu,TUV,"Internally displaced persons, new displacement associated with disasters (number of cases)",VC.IDP.NWDS,,,,,,,,,,,,,,,,,,,,,,,,,,,,,,,,,,,,,,,,,,,,,,,,,,,,,,,,5400,,,,,400,
Tanzania,TZA,"Internally displaced persons, new displacement associated with disasters (number of cases)",VC.IDP.NWDS,,,,,,,,,,,,,,,,,,,,,,,,,,,,,,,,,,,,,,,,,,,,,,,,,2400,11000,,22000,10000,,14000,3500,36000,1900,29000,11000,57000,47000
Uganda,UGA,"Internally displaced persons, new displacement associated with disasters (number of cases)",VC.IDP.NWDS,,,,,,,,,,,,,,,,,,,,,,,,,,,,,,,,,,,,,,,,,,,,,,,,,15000,,,6400,220,30000,50000,600,2500,95000,164000,130000,40000,47000
Ukraine,UKR,"Internally displaced persons, new displacement associated with disasters (number of cases)",VC.IDP.NWDS,,,,,,,,,,,,,,,,,,,,,,,,,,,,,,,,,,,,,,,,,,,,,,,,,25000,,,,,600,,,130,,,,2000,2000
Upper middle income,UMC,"Internally displaced persons, new displacement associated with disasters (number of cases)",VC.IDP.NWDS,,,,,,,,,,,,,,,,,,,,,,,,,,,,,,,,,,,,,,,,,,,,,,,,,22087700,5165510,21389700,7454396,6630250,6405400,4384404,4093812,9166243,7172179,4251073,4724669,6784899,7070790
Uruguay,URY,"Internally displaced persons, new displacement associated with disasters (number of cases)",VC.IDP.NWDS,,,,,,,,,,,,,,,,,,,,,,,,,,,,,,,,,,,,,,,,,,,,,,,,,,,,,,1000,4900,24000,12000,9100,300,22000,370,160
United States,USA,"Internally displaced persons, new displacement associated with disasters (number of cases)",VC.IDP.NWDS,,,,,,,,,,,,,,,,,,,,,,,,,,,,,,,,,,,,,,,,,,,,,,,,,2020000,1300,,52000,901000,188000,34000,63000,1107000,1686000,1247000,916000,1714000,573000
Uzbekistan,UZB,"Internally displaced persons, new displacement associated with disasters (number of cases)",VC.IDP.NWDS,,,,,,,,,,,,,,,,,,,,,,,,,,,,,,,,,,,,,,,,,,,,,,,,,,,,,,,,,,,,,70000,
St. Vincent and the Grenadines,VCT,"Internally displaced persons, new displacement associated with disasters (number of cases)",VC.IDP.NWDS,,,,,,,,,,,,,,,,,,,,,,,,,,,,,,,,,,,,,,,,,,,,,,,,,,,100,,,2300,,,340,20,,230,,23000
"Venezuela, RB",VEN,"Internally displaced persons, new displacement associated with disasters (number of cases)",VC.IDP.NWDS,,,,,,,,,,,,,,,,,,,,,,,,,,,,,,,,,,,,,,,,,,,,,,,,,4700,,102000,,1000,,,45000,230,2100,32000,320,2400,33000
British Virgin Islands,VGB,"Internally displaced persons, new displacement associated with disasters (number of cases)",VC.IDP.NWDS,,,,,,,,,,,,,,,,,,,,,,,,,,,,,,,,,,,,,,,,,,,,,,,,,,,,,,,,,,6000,,,,
Virgin Islands (U.S.),VIR,"Internally displaced persons, new displacement associated with disasters (number of cases)",VC.IDP.NWDS,,,,,,,,,,,,,,,,,,,,,,,,,,,,,,,,,,,,,,,,,,,,,,,,,,,,,,,,,,2300,,,,
Vietnam,VNM,"Internally displaced persons, new displacement associated with disasters (number of cases)",VC.IDP.NWDS,,,,,,,,,,,,,,,,,,,,,,,,,,,,,,,,,,,,,,,,,,,,,,,,,106000,187000,442000,230000,15000,1040000,68000,9600,81000,633000,143000,89000,1267000,780000
Vanuatu,VUT,"Internally displaced persons, new displacement associated with disasters (number of cases)",VC.IDP.NWDS,,,,,,,,,,,,,,,,,,,,,,,,,,,,,,,,,,,,,,,,,,,,,,,,,,,,400,700,69,350,65000,,14000,13000,1000,80000,
World,WLD,"Internally displaced persons, new displacement associated with disasters (number of cases)",VC.IDP.NWDS,,,,,,,,,,,,,,,,,,,,,,,,,,,,,,,,,,,,,,,,,,,,,,,,,38241123,16734400,42350200,15023796,30148600,22125871,19120870,19189827,24213693,18776796,17176954,24804408,30688209,23674728
Samoa,WSM,"Internally displaced persons, new displacement associated with disasters (number of cases)",VC.IDP.NWDS,,,,,,,,,,,,,,,,,,,,,,,,,,,,,,,,,,,,,,,,,,,,,,,,,,5300,,,7700,,86,970,63,,330,,55,
Kosovo,XKX,"Internally displaced persons, new displacement associated with disasters (number of cases)",VC.IDP.NWDS,,,,,,,,,,,,,,,,,,,,,,,,,,,,,,,,,,,,,,,,,,,,,,,,,,,,,,1000,,,10,,,,,70
"Yemen, Rep.",YEM,"Internally displaced persons, new displacement associated with disasters (number of cases)",VC.IDP.NWDS,,,,,,,,,,,,,,,,,,,,,,,,,,,,,,,,,,,,,,,,,,,,,,,,,22000,,1000,,,10000,,83000,45000,13,18000,31000,223000,84000
South Africa,ZAF,"Internally displaced persons, new displacement associated with disasters (number of cases)",VC.IDP.NWDS,,,,,,,,,,,,,,,,,,,,,,,,,,,,,,,,,,,,,,,,,,,,,,,,,3500,20000,6000,52000,2000,18000,3500,14,12000,15000,2100,1700,370,10000
Zambia,ZMB,"Internally displaced persons, new displacement associated with disasters (number of cases)",VC.IDP.NWDS,,,,,,,,,,,,,,,,,,,,,,,,,,,,,,,,,,,,,,,,,,,,,,,,,5800,54000,150,,,5500,26000,25,,2800,21,1300,6000,1300
Zimbabwe,ZWE,"Internally displaced persons, new displacement associated with disasters (number of cases)",VC.IDP.NWDS,,,,,,,,,,,,,,,,,,,,,,,,,,,,,,,,,,,,,,,,,,,,,,,,,,,,,,44000,23000,800,400,10000,1100,52000,380,2400